ID,data_entry_ID,yr,nestbox_number,site,occupied,replacement_clutch,experimental_box,experiment,treatment,species,first_egg_date,laying_complete,clutch_size,clutch_size_manip,clutch_complete,expected_hatch,observed_hatch,hatch_deviation,male_caught,female_caught,hatchlings,hatchlings_manip,unhatched_eggs,fledglings,success,male_ring,female_ring
,,2023,150,SCENE,1,,0,,,bluti,29/04/2023,06/05/2023,8,,TRUE,19/05/2023,19/05/2023,0,n,n,8,,0,8,1,,
,,2023,151,SCENE,1,,1,probiotic,,bluti,25/04/2023,02/05/2023,9,,TRUE,15/05/2023,15/05/2023,0,y,y,9,,0,9,1,AET1968,APL4046
,,2023,152,SCENE,1,,0,,,greti,17/05/2023,23/05/2023,7,,TRUE,05/06/2023,03/06/2023,-2,n,n,4,,3,2,1,,
,,2023,153,SCENE,1,,0,,,greti,01/05/2023,07/05/2023,7,,TRUE,20/05/2023,20/05/2023,0,n,n,7,,0,7,1,,
,,2023,154,SCENE,1,,0,,,bluti,01/05/2023,09/05/2023,9,,TRUE,22/05/2023,22/05/2023,0,n,n,9,,0,9,1,,
,,2023,155,SCENE,1,,0,,,greti,01/05/2023,05/05/2023,5,,TRUE,18/05/2023,17/05/2023,-1,n,n,5,,0,5,1,,
,,2023,156,SCENE,1,,0,,,nutha,,,,,,,,,,,,,,,2,,
,,2023,157,SCENE,1,,0,,,bluti,07/05/2023,,4,,FALSE,,,,n,n,0,,4,0,0,,
,,2023,159,SCENE,1,,0,,,bluti,30/04/2023,07/05/2023,8,,TRUE,20/05/2023,21/05/2023,1,n,n,8,,0,8,1,,
,,2023,160,SCENE,1,,0,,,bluti,03/05/2023,11/05/2023,8,,TRUE,24/05/2023,24/05/2023,0,n,y,8,,0,3,1,,BAA0108
,,2023,161,SCENE,1,,0,,,piefl,09/05/2023,15/05/2023,7,,TRUE,28/05/2023,28/05/2023,0,n,n,7,,0,6,1,,
,,2023,162,SCENE,1,,0,,,bluti,10/05/2023,16/05/2023,8,,TRUE,29/05/2023,29/05/2023,0,n,n,6,,2,5,1,,
,,2023,163,SCENE,1,,0,,,bluti,03/05/2023,,1,,FALSE,,,,n,n,0,,1,0,0,,
,,2023,164,SCENE,0,,0,,,,,,,,,,,,,,,,,,,,
,,2023,165,SCENE,1,,0,,,bluti,28/04/2023,04/05/2023,7,,TRUE,17/05/2023,19/05/2023,2,n,n,7,,0,7,1,,
,,2023,172,SCENE,1,,1,probiotic,,bluti,24/04/2023,30/04/2023,7,,TRUE,13/05/2023,14/05/2023,1,n,y,7,,0,7,1,,AET2155
,,2023,173,SCENE,1,,0,,,greti,03/05/2023,09/05/2023,7,,TRUE,22/05/2023,22/05/2023,0,n,n,7,,0,7,1,,
,,2023,175,SCENE,0,,0,,,,,,,,,,,,,,,,,,,,
,,2023,176,SCENE,1,,0,,,bluti,27/04/2023,,3,,FALSE,,,,n,n,0,,3,0,0,,
,,2023,177,SCENE,1,,0,,,bluti,29/04/2023,,1,,FALSE,,,,n,n,0,,1,0,0,,
,,2023,178,SCENE,1,,0,,,bluti,02/05/2023,06/05/2023,5,,TRUE,19/05/2023,21/05/2023,2,y,y,5,,0,5,1,S935278,AET2056
,,2023,179,SCENE,1,,0,,,bluti,03/05/2023,09/05/2023,7,,TRUE,22/05/2023,22/05/2023,0,n,n,7,,0,2,1,,
,,2023,180,SCENE,1,,0,,,bluti,01/05/2023,08/05/2023,8,,TRUE,21/05/2023,21/05/2023,0,n,y,8,,0,8,1,,AET2282
,,2023,183,SCENE,0,,0,,,,,,,,,,,,,,,,,,,,
,,2023,20,SCENE,1,,0,,,bluti,02/05/2023,11/05/2023,10,,TRUE,24/05/2023,24/05/2023,0,n,y,9,,1,9,1,,ACJ3156
,,2023,21,SCENE,1,,1,probiotic,,bluti,27/04/2023,03/05/2023,7,,TRUE,16/05/2023,18/05/2023,2,n,y,6,,1,6,1,,AET2883
,,2023,22,SCENE,0,,0,,,,,,,,,,,,,,,,,,,,
,,2023,23,SCENE,1,,1,probiotic,,bluti,25/04/2023,03/05/2023,9,,TRUE,16/05/2023,18/05/2023,2,n,y,9,,0,8,1,,BAA0114
,,2023,24,SCENE,1,,0,,,bluti,01/05/2023,08/05/2023,8,,TRUE,21/05/2023,21/05/2023,0,n,y,7,,1,7,1,,AET1059
,,2023,25,SCENE,1,,0,,,greti,24/04/2023,29/04/2023,5,,TRUE,12/05/2023,18/05/2023,6,n,n,5,,0,5,1,,
,,2023,26,SCENE,0,,0,,,,,,,,,,,,,,,,,,,,
,,2023,28,SCENE,1,,0,,,piefl,16/05/2023,18/05/2023,3,,TRUE,31/05/2023,03/06/2023,3,n,n,2,,1,2,1,,
,,2023,30,SCENE,0,,0,,,,,,,,,,,,,,,,,,,,
,,2023,31,SCENE,0,,0,,,,,,,,,,,,,,,,,,,,
,,2023,32,SCENE,1,,1,probiotic,,bluti,23/04/2023,01/05/2023,9,,TRUE,14/05/2023,14/05/2023,0,n,y,9,,0,9,1,,APP0724
,,2023,33,SCENE,1,,0,,,greti,07/05/2023,12/05/2023,6,,TRUE,25/05/2023,24/05/2023,-1,n,n,5,,1,5,1,,
,,2023,34,SCENE,0,,0,,,,,,,,,,,,,,,,,,,,
,,2023,35,SCENE,1,,0,,,bluti,04/05/2023,09/05/2023,6,,TRUE,22/05/2023,23/05/2023,1,n,n,5,,1,4,1,,
,,2023,36,SCENE,0,,0,,,,,,,,,,,,,,,,,,,,
,,2023,37,SCENE,1,,0,,,piefl,10/05/2023,16/05/2023,7,,TRUE,29/05/2023,29/05/2023,0,n,n,7,,0,6,1,,
,,2023,38,SCENE,1,,0,,,bluti,10/05/2023,16/05/2023,7,,TRUE,29/05/2023,29/05/2023,0,n,n,7,,0,3,1,,
,,2023,39,SCENE,0,,0,,,,,,,,,,,,,,,,,,,,
,,2023,40,SCENE,0,,0,,,,,,,,,,,,,,,,,,,,
,,2023,9,SCENE,1,,0,,,piefl,13/05/2023,19/05/2023,7,,TRUE,01/06/2023,01/06/2023,0,n,n,6,,1,4,1,,
,,2023,10,SCENE,0,,0,,,,,,,,,,,,,,,,,,,,
,,2023,11,SCENE,0,,0,,,,,,,,,,,,,,,,,,,,
,,2023,13,SCENE,1,,1,stable isotope + malaria,,bluti,24/04/2023,30/04/2023,7,,TRUE,13/05/2023,16/05/2023,3,n,y,6,,1,6,1,,APL4851
,,2023,15,SCENE,0,,0,,,,,,,,,,,,,,,,,,,,
,,2023,16,SCENE,1,,0,,,bluti,05/05/2023,11/05/2023,7,,TRUE,24/05/2023,24/05/2023,0,n,n,5,,2,4,1,,
,,2023,17,SCENE,0,,0,,,,,,,,,,,,,,,,,,,,
,,2023,18,SCENE,1,,0,,,bluti,01/05/2023,08/05/2023,8,,TRUE,21/05/2023,21/05/2023,0,n,n,8,,0,8,1,,
,,2023,19,SCENE,1,,0,,,greti,03/05/2023,07/05/2023,5,,TRUE,20/05/2023,23/05/2023,3,n,n,5,,0,5,1,,
,,2023,41,SCENE,1,,0,,,greti,28/04/2023,04/05/2023,7,,TRUE,17/05/2023,20/05/2023,3,n,n,5,,2,5,1,,
,,2023,45,SCENE,0,,0,,,,,,,,,,,,,,,,,,,,
,,2023,1,SCENE,0,,0,,,,,,,,,,,,,,,,,,,,
,,2023,2,SCENE,1,,0,,,bluti,07/05/2023,12/05/2023,7,,TRUE,25/05/2023,25/05/2023,0,n,n,6,,1,6,1,,
,,2023,3,SCENE,0,,0,,,,,,,,,,,,,,,,,,,,
,,2023,4,SCENE,0,,0,,,,,,,,,,,,,,,,,,,,
,,2023,5,SCENE,0,,0,,,,,,,,,,,,,,,,,,,,
,,2023,6,SCENE,1,,1,malaria,,bluti,29/04/2023,05/05/2023,7,,TRUE,18/05/2023,20/05/2023,2,n,y,5,,1,5,1,,AET2188
,,2023,7,SCENE,1,,0,,,greti,30/04/2023,04/05/2023,5,,TRUE,17/05/2023,17/05/2023,0,n,n,4,,1,4,1,,
,,2023,8,SCENE,1,,0,,,bluti,05/05/2023,10/05/2023,6,,TRUE,23/05/2023,23/05/2023,0,n,n,6,,0,6,1,,
,,2023,49,SCENE,0,,0,,,,,,,,,,,,,,,,,,,,
,,2023,52,SCENE,0,,0,,,,,,,,,,,,,,,,,,,,
,,2023,53,SCENE,0,,0,,,,,,,,,,,,,,,,,,,,
,,2023,54,SCENE,1,,0,,,greti,29/04/2023,03/05/2023,5,,TRUE,16/05/2023,19/05/2023,3,n,n,5,,0,5,1,,
,,2023,55,SCENE,0,,0,,,,,,,,,,,,,,,,,,,,
,,2023,56,SCENE,1,,0,,,piefl,11/05/2023,18/05/2023,8,,TRUE,31/05/2023,31/05/2023,0,n,n,6,,2,5,1,,
,,2023,57,SCENE,0,,0,,,,,,,,,,,,,,,,,,,,
,,2023,58,SCENE,0,,0,,,,,,,,,,,,,,,,,,,,
,,2023,60,SCENE,1,,0,,,bluti,27/04/2023,02/05/2023,6,,TRUE,15/05/2023,19/05/2023,4,n,y,5,,1,5,1,,BAA0107
,,2023,61,SCENE,0,,0,,,,,,,,,,,,,,,,,,,,
,,2023,64,SCENE,1,,1,probiotic,,bluti,24/04/2023,04/05/2023,11,,TRUE,17/05/2023,18/05/2023,1,n,y,11,,0,11,1,,APL4125
,,2023,62,SCENE,1,,1,probiotic,,bluti,22/04/2023,02/05/2023,11,,TRUE,15/05/2023,18/05/2023,3,n,n,11,,0,11,1,,
,,2023,66,SCENE,0,,0,,,,,,,,,,,,,,,,,,,,
,,2023,67,SCENE,0,,0,,,,,,,,,,,,,,,,,,,,
,,2023,69,SCENE,1,,0,,,greti,04/05/2023,10/05/2023,7,,TRUE,23/05/2023,24/05/2023,1,n,n,7,,0,6,1,,
,,2023,70,SCENE,0,,0,,,,,,,,,,,,,,,,,,,,
,,2023,71,SCENE,1,,0,,,bluti,29/04/2023,05/05/2023,7,,TRUE,18/05/2023,19/05/2023,1,n,y,6,,1,4,1,,BAA0110
,,2023,72,SCENE,0,,0,,,,,,,,,,,,,,,,,,,,
,,2023,73,SCENE,1,,0,,,bluti,08/05/2023,13/05/2023,6,,TRUE,26/05/2023,26/05/2023,0,n,n,6,,0,4,1,,
,,2023,74,SCENE,0,,0,,,,,,,,,,,,,,,,,,,,
,,2023,76,SCENE,1,,1,stable isotope + malaria,,bluti,26/04/2023,05/05/2023,10,,TRUE,18/05/2023,18/05/2023,0,n,y,9,,1,9,1,,AFE3407
,,2023,77,SCENE,1,,1,stable isotope + malaria,,bluti,25/04/2023,06/05/2023,11,,TRUE,19/05/2023,20/05/2023,1,n,y,11,,0,11,1,,APL4763
,,2023,78,SCENE,1,,0,,,greti,18/05/2023,21/05/2023,4,,TRUE,03/06/2023,07/06/2023,4,n,n,1,,2,0,0,,
,,2023,79,SCENE,1,,0,,,bluti,27/04/2023,05/05/2023,9,,TRUE,18/05/2023,20/05/2023,2,n,n,7,,2,3,1,,
,,2023,80,SCENE,1,,1,malaria,,bluti,27/04/2023,04/05/2023,8,,TRUE,17/05/2023,19/05/2023,2,n,y,8,,0,6,1,,AET2162
,,2023,81,SCENE,0,,0,,,,,,,,,,,,,,,,,,,,
,,2023,82,SCENE,1,,0,,,bluti,26/04/2023,05/05/2023,10,,TRUE,18/05/2023,19/05/2023,1,n,n,8,,2,8,1,,
,,2023,84,SCENE,0,,0,,,,,,,,,,,,,,,,,,,,
,,2023,85,SCENE,1,,0,,,bluti,29/04/2023,05/05/2023,7,,TRUE,18/05/2023,20/05/2023,2,n,n,6,,1,6,1,,
,,2023,86,SCENE,1,,0,,,bluti,26/04/2023,04/05/2023,9,,TRUE,17/05/2023,18/05/2023,1,n,y,8,,1,8,1,,ACJ2255
,,2023,87,SCENE,0,,0,,,,,,,,,,,,,,,,,,,,
,,2023,88,SCENE,1,,0,,,greti,26/04/2023,02/05/2023,7,,TRUE,15/05/2023,17/05/2023,2,n,n,6,,1,0,0,,
,,2023,89,SCENE,0,,0,,,,,,,,,,,,,,,,,,,,
,,2023,91,SCENE,0,,0,,,,,,,,,,,,,,,,,,,,
,,2023,92,SCENE,0,,0,,,,,,,,,,,,,,,,,,,,
,,2023,93,SCENE,0,,0,,,,,,,,,,,,,,,,,,,,
,,2023,94,SCENE,0,,0,,,,,,,,,,,,,,,,,,,,
,,2023,95,SCENE,1,,0,,,bluti,28/04/2023,06/05/2023,9,,TRUE,19/05/2023,20/05/2023,1,n,n,8,,1,8,1,,
,,2023,97,SCENE,1,,0,,,bluti,27/04/2023,05/05/2023,9,,TRUE,18/05/2023,20/05/2023,2,n,y,9,,0,8,1,,BAA0319
,,2023,98,SCENE,0,,0,,,,,,,,,,,,,,,,,,,,
,,2023,99,SCENE,1,,1,stable isotope,,bluti,26/04/2023,30/04/2023,5,,TRUE,13/05/2023,17/05/2023,4,n,y,5,,0,5,1,,AET2232
,,2023,103,SCENE,1,,1,malaria,,bluti,28/04/2023,05/05/2023,8,,TRUE,18/05/2023,19/05/2023,1,n,y,7,,1,7,1,,AET2901
,,2023,100,SCENE,0,,0,,,,,,,,,,,,,,,,,,,,
,,2023,101,SCENE,0,,0,,,,,,,,,,,,,,,,,,,,
,,2023,102,SCENE,1,,0,,,bluti,09/05/2023,16/05/2023,8,,TRUE,29/05/2023,29/05/2023,0,n,n,4,,4,2,1,,
,,2023,104,SCENE,0,,0,,,,,,,,,,,,,,,,,,,,
,,2023,105,SCENE,1,,0,,,bluti,26/04/2023,30/04/2023,5,,TRUE,13/05/2023,17/05/2023,4,n,y,3,,2,3,1,,AET2161
,,2023,109,SCENE,0,,0,,,,,,,,,,,,,,,,,,,,
,,2023,112,SCENE,1,,1,probiotic,,bluti,26/04/2023,02/05/2023,7,,TRUE,15/05/2023,17/05/2023,2,n,y,6,,1,6,1,,AET2187
,,2023,113,SCENE,1,,0,,,bluti,28/04/2023,07/05/2023,10,,TRUE,20/05/2023,21/05/2023,1,n,y,10,,0,8,1,,APL4702
,,2023,116,SCENE,0,,0,,,,,,,,,,,,,,,,,,,,
,,2023,191,SCENE,1,,1,stable isotope,,bluti,27/04/2023,03/05/2023,7,,TRUE,16/05/2023,19/05/2023,3,y,y,6,,1,6,1,APL4204,AET2180
,,2023,121,SCENE,1,,0,,,bluti,03/05/2023,09/05/2023,6,,FALSE,22/05/2023,,,n,n,0,,6,0,0,,
,,2023,135,SCENE,1,,0,,,bluti,29/04/2023,07/05/2023,9,,TRUE,20/05/2023,21/05/2023,1,n,y,3,,6,0,0,,APL4143
,,2023,136,SCENE,1,,1,probiotic,,bluti,26/04/2023,05/05/2023,9,,TRUE,18/05/2023,19/05/2023,1,n,y,7,,2,7,1,,ACJ3042
,,2023,137,SCENE,1,,1,probiotic,,bluti,26/04/2023,03/05/2023,8,,TRUE,16/05/2023,19/05/2023,3,n,y,8,,0,0,0,,AET2280
,,2023,138,SCENE,1,,0,,,bluti,05/05/2023,11/05/2023,7,,TRUE,24/05/2023,23/05/2023,-1,n,n,7,,0,7,1,,
,,2023,139,SCENE,0,,0,,,,,,,,,,,,,,,,,,,,
,,2023,140,SCENE,1,,0,,,bluti,26/04/2023,,2,,FALSE,,,,n,n,0,,2,0,0,,
,,2023,141,SCENE,0,,0,,,,,,,,,,,,,,,,,,,,
,,2023,142,SCENE,0,,0,,,,,,,,,,,,,,,,,,,,
,,2023,143,SCENE,0,,0,,,,,,,,,,,,,,,,,,,,
,,2023,145,SCENE,0,,0,,,,,,,,,,,,,,,,,,,,
,,2023,147,SCENE,1,,0,,,piefl,12/05/2023,17/05/2023,6,,TRUE,30/05/2023,30/05/2023,0,n,n,7,,0,7,1,,
,,2023,148,SCENE,1,,0,,,bluti,24/04/2023,03/05/2023,10,,TRUE,16/05/2023,18/05/2023,2,n,n,10,,0,10,1,,
,,2023,192,SCENE,1,,0,,,bluti,29/04/2023,05/05/2023,7,,TRUE,18/05/2023,20/05/2023,2,n,n,4,,3,4,1,,
,,2023,194,SCENE,0,,0,,,,,,,,,,,,,,,,,,,,
,,2023,200,sallochy,1,,0,,,bluti,21/04/2023,27/04/2023,7,,TRUE,10/05/2023,10/05/2023,0,n,y,7,,0,7,1,,AET1087
,,2023,201,sallochy,1,,0,,,bluti,25/04/2023,02/05/2023,8,,TRUE,15/05/2023,17/05/2023,2,n,n,8,,0,8,1,,
,,2023,202,sallochy,0,,0,,,,,,,,,,,,,,,,,,,,
,,2023,203,sallochy,1,,0,,,bluti,24/04/2023,02/05/2023,9,,TRUE,15/05/2023,15/05/2023,0,n,y,6,,3,0,0,,AET2156
,,2023,204,sallochy,0,,0,,,,,,,,,,,,,,,,,,,,
,,2023,205,sallochy,1,,0,,,greti,27/04/2023,04/05/2023,8,,TRUE,17/05/2023,19/05/2023,2,n,n,6,,2,6,1,,
,,2023,206,sallochy,1,,0,,,greti,27/04/2023,01/05/2023,5,,TRUE,14/05/2023,19/05/2023,5,n,n,4,,2,4,1,,
,,2023,207,sallochy,1,,0,,,bluti,27/04/2023,01/05/2023,5,,TRUE,14/05/2023,18/05/2023,4,n,y,5,,0,4,1,,APL4242
,,2023,208,sallochy,1,,0,,,bluti,01/05/2023,07/05/2023,7,,TRUE,20/05/2023,22/05/2023,2,n,n,7,,0,7,1,,
,,2023,209,sallochy,1,,0,,,greti,02/05/2023,07/05/2023,6,,TRUE,20/05/2023,23/05/2023,3,n,n,5,,1,5,0,,
,,2023,210,sallochy,0,,0,,,,,,,,,,,,,,,,,,,,
,,2023,211,sallochy,1,,1,stable isotope,,bluti,30/04/2023,05/05/2023,6,,TRUE,18/05/2023,20/05/2023,2,n,y,5,,1,5,1,,AET2197
,,2023,212,sallochy,1,,0,,,bluti,24/04/2023,30/04/2023,7,,TRUE,13/05/2023,17/05/2023,4,n ,y,7,,0,7,1,,AET1224
,,2023,213,sallochy,1,,1,stable isotope,,bluti,30/04/2023,04/05/2023,5,,TRUE,17/05/2023,20/05/2023,3,n,y,5,,0,5,1,,AET2196
,,2023,214,sallochy,1,,0,,,bluti,24/04/2023,29/04/2023,6,,TRUE,12/05/2023,14/05/2023,2,n,y,6,,0,6,1,,APL4362
,,2023,216,sallochy,1,,0,,,bluti,12/05/2023,17/05/2023,6,,TRUE,30/05/2023,29/05/2023,-1,n,n,6,,0,6,1,,
,,2023,217,sallochy,1,,1,malaria,,bluti,28/04/2023,06/05/2023,9,,TRUE,19/05/2023,18/05/2023,-1,n,n,9,,0,9,1,,
,,2023,218,sallochy,1,,0,,,greti,03/05/2023,05/05/2023,3,,TRUE,18/05/2023,23/05/2023,5,n,n,3,,0,2,1,,
,,2023,219,sallochy,1,,0,,,greti,30/04/2023,04/05/2023,5,,TRUE,17/05/2023,19/05/2023,2,n,n,5,,0,5,1,,
,,2023,220,sallochy,1,,0,,,bluti,23/04/2023,30/04/2023,8,,TRUE,13/05/2023,16/05/2023,3,n,n,7,,1,7,1,,
,,2023,221,sallochy,1,,0,,,bluti,01/05/2023,10/05/2023,9,,TRUE,23/05/2023,27/05/2023,4,n,n,1,,8,0,0,,
,,2023,222,sallochy,1,,0,,,bluti,25/04/2023,02/05/2023,8,,TRUE,15/05/2023,18/05/2023,3,n,n,7,,1,7,1,,
,,2023,223,sallochy,1,,0,,,bluti,22/04/2023,29/04/2023,8,,TRUE,12/05/2023,14/05/2023,2,n,y,6,,2,6,1,,AET2080
,,2023,224,sallochy,1,,0,,,bluti,19/04/2023,25/04/2023,7,,TRUE,08/05/2023,11/05/2023,3,y,y,7,,0,7,1,AFE3606,AKP8555
,,2023,225,sallochy,1,,0,,,bluti,11/05/2023,17/05/2023,7,,TRUE,30/05/2023,28/05/2023,-2,n,n,6,,1,6,1,,
,,2023,226,sallochy,1,,0,,,bluti,12/05/2023,15/05/2023,4,,TRUE,28/05/2023,30/05/2023,2,n,n,4,,0,3,0,,
,,2023,227,sallochy,1,,1,malaria,,bluti,01/05/2023,05/05/2023,5,,TRUE,18/05/2023,19/05/2023,1,n,n,5,,0,5,1,,
,,2023,228,sallochy,1,,0,,,bluti,22/04/2023,30/04/2023,9,,TRUE,13/05/2023,14/05/2023,1,n,y,9,,0,9,1,,AET1231
,,2023,229,sallochy,1,,1,Cog-Nytia,,greti,25/04/2023,29/04/2023,5,,TRUE,12/05/2023,16/05/2023,4,n,n,4,,1,4,1,,
,,2023,230,sallochy,1,,0,,,greti,29/04/2023,04/05/2023,6,,TRUE,17/05/2023,18/05/2023,1,n,n,6,,0,6,1,,
,,2023,231,sallochy,1,,0,,,greti,18/04/2023,27/04/2023,10,,TRUE,10/05/2023,10/05/2023,0,n,n,7,,3,0,0,,
,,2023,232,sallochy,1,,0,,,bluti,26/04/2023,07/05/2023,12,,TRUE,20/05/2023,21/05/2023,1,n,n,9,,3,3,1,,
,,2023,233,sallochy,1,,0,,,bluti,10/05/2023,16/05/2023,7,,TRUE,29/05/2023,29/05/2023,0,n,n,6,,1,0,1,,
,,2023,234,sallochy,1,,0,,,greti,02/05/2023,04/05/2023,3,,TRUE,17/05/2023,21/05/2023,4,n,n,3,,0,3,1,,
,,2023,235,sallochy,1,,0,,,bluti,05/05/2023,07/05/2023,3,,TRUE,20/05/2023,25/05/2023,5,n,n,3,,0,3,1,,
,,2023,236,sallochy,1,,0,,,bluti,26/04/2023,04/05/2023,9,,TRUE,17/05/2023,20/05/2023,3,n,n,9,,0,8,1,,
,,2023,238,sallochy,0,,0,,,,,,,,,,,,,,,,,,,,
,,2023,240,sallochy,1,,1,stable isotope,,bluti,26/04/2023,02/05/2023,7,,TRUE,15/05/2023,17/05/2023,2,n,y,6,,1,6,1,,AET1843
,,2023,241,sallochy,1,,0,,,nutha,,,,,,,,,,,,,,,2,,
,,2023,243,sallochy,1,,1,malaria,,bluti,26/04/2023,02/05/2023,7,,TRUE,15/05/2023,17/05/2023,2,n,y,7,,0,7,1,,AET2160
,,2023,244,sallochy,1,,0,,,greti,10/05/2023,14/05/2023,5,,TRUE,27/05/2023,27/05/2023,0,n,n,4,,1,4,1,,
,,2023,245,sallochy,1,,0,,,bluti,29/04/2023,04/05/2023,6,,TRUE,17/05/2023,19/05/2023,2,n,n,6,,0,0,0,,
,,2023,246,sallochy,1,,1,stable isotope,,bluti,19/04/2023,22/04/2023,4,,TRUE,05/05/2023,16/05/2023,11,n,y,4,,0,4,1,,APL4595
,,2023,247,sallochy,1,,0,,,bluti,11/05/2023,,1,,FALSE,,,,,,,,,,0,,
,,2023,248,sallochy,1,,0,,,bluti,02/05/2023,15/05/2023,10,,TRUE,28/05/2023,26/05/2023,-2,n,n,6,,4,6,0,,
,,2023,249,sallochy,1,,0,,,greti,12/05/2023,18/05/2023,7,,TRUE,31/05/2023,31/05/2023,0,n,n,5,,1,0,0,,
,,2023,250,sallochy,1,,0,,,bluti,26/04/2023,03/05/2023,8,,TRUE,16/05/2023,17/05/2023,1,n,y,6,,2,1,1,,APL4043
,,2023,251,sallochy,0,,0,,,,,,,,,,,,,,,,,,,,
,,2023,252,sallochy,0,,0,,,,,,,,,,,,,,,,,,,,
,,2023,253,sallochy,1,,0,,,bluti,02/05/2023,05/05/2023,4,,TRUE,18/05/2023,22/05/2023,4,n,n,4,,0,3,1,,
,,2023,254,sallochy,1,,1,stable isotope,,bluti,26/04/2023,06/05/2023,8,,TRUE,19/05/2023,20/05/2023,1,n,y,8,,0,5,1,,AET1874
,,2023,256,sallochy,1,,0,,,greti,10/05/2023,15/05/2023,6,,TRUE,28/05/2023,27/05/2023,-1,n,n,5,,1,5,1,,
,,2023,257,sallochy,1,,0,,,bluti,28/04/2023,04/05/2023,7,,TRUE,17/05/2023,,,n,n,0,,7,0,0,,
,,2023,258,sallochy,0,,0,,,,,,,,,,,,,,,,,,,,
,,2023,259,sallochy,1,,0,,,greti,03/05/2023,07/05/2023,5,,TRUE,20/05/2023,21/05/2023,1,n,n,5,,0,5,1,,
,,2023,260,sallochy,0,,0,,,,,,,,,,,,,,,,,,,,
,,2023,261,sallochy,1,,0,,,bluti,04/05/2023,09/05/2023,6,,TRUE,22/05/2023,22/05/2023,0,n,n,5,,1,4,1,,
,,2023,262,sallochy,1,,0,,,bluti,23/04/2023,03/05/2023,8,,TRUE,16/05/2023,18/05/2023,2,n,n,7,,1,7,1,,
,,2023,263,sallochy,0,,0,,,,,,,,,,,,,,,,,,,,
,,2023,264,sallochy,1,,0,,,bluti,30/04/2023,05/05/2023,6,,TRUE,18/05/2023,21/05/2023,3,n,n,6,,0,5,1,,
,,2023,265,sallochy,1,,0,,,greti,05/05/2023,09/05/2023,5,,TRUE,22/05/2023,22/05/2023,0,n,n,5,,0,5,1,,
,,2023,266,sallochy,1,,0,,,bluti,10/05/2023,18/05/2023,9,,TRUE,31/05/2023,29/05/2023,-2,n,n,6,,3,6,1,,
,,2023,267,sallochy,1,,0,,,bluti,05/05/2023,11/05/2023,7,,TRUE,24/05/2023,24/05/2023,0,n,n,7,,0,7,1,,
,,2023,268,sallochy,1,,0,,,greti,03/05/2023,06/05/2023,4,,TRUE,19/05/2023,22/05/2023,3,n,n,4,,0,4,1,,
,,2023,269,sallochy,1,,0,,,greti,04/05/2023,08/05/2023,4,,TRUE,21/05/2023,19/05/2023,-2,n,n,4,,0,4,1,,
,,2023,271,sallochy,1,,0,,,bluti,25/04/2023,30/04/2023,6,,TRUE,13/05/2023,16/05/2023,3,n,y,5,,1,5,1,,APL4089
,,2023,272,sallochy,1,,0,,,bluti,03/05/2023,11/05/2023,9,,TRUE,24/05/2023,23/05/2023,-1,n,n,8,,1,7,1,,
,,2023,273,sallochy,1,,1,malaria,,bluti,30/04/2023,04/05/2023,5,,TRUE,17/05/2023,19/05/2023,2,n,y,4,,1,3,1,,ACJ2081
,,2023,274,sallochy,1,,1,malaria,,bluti,27/04/2023,04/05/2023,8,,TRUE,17/05/2023,18/05/2023,1,n,y,7,,1,7,1,,AET1211
,,2023,275,sallochy,1,,0,,,greti,27/04/2023,29/04/2023,3,,TRUE,12/05/2023,19/05/2023,7,n,n,3,,0,3,1,,
,,2023,276,sallochy,0,,0,,,,,,,,,,,,,,,,,,,,
,,2023,401,cashel,0,,0,,,,,,,,,,,,,,,,,,,,
,,2023,402,cashel,1,,0,,,bluti,27/04/2023,04/05/2023,8,,TRUE,17/05/2023,17/05/2023,0,n,y,7,,1,6,1,,APP0922
,,2023,403,cashel,1,,0,,,bluti,06/05/2023,13/05/2023,8,,TRUE,26/05/2023,24/05/2023,-2,n,n,8,,0,8,1,,
,,2023,404,cashel,1,,0,,,greti,26/04/2023,03/05/2023,8,,TRUE,16/05/2023,18/05/2023,2,n,n,8,,0,8,1,,
,,2023,405,cashel,1,,1,malaria,,bluti,27/04/2023,04/05/2023,8,,TRUE,17/05/2023,18/05/2023,1,n,y,7,,1,7,1,,AET1215
,,2023,406,cashel,1,,0,,,greti,29/04/2023,04/05/2023,6,,TRUE,17/05/2023,18/05/2023,1,n,n,6,,0,6,1,,
,,2023,407,cashel,1,,0,,,bluti,09/05/2023,15/05/2023,7,,TRUE,28/05/2023,28/05/2023,0,n,n,7,,0,7,1,,
,,2023,408,cashel,1,,1,malaria,,bluti,01/05/2023,05/05/2023,5,,TRUE,18/05/2023,19/05/2023,1,n,y,4,,1,4,1,,ACJ2287
,,2023,409,cashel,1,,0,,,bluti,01/05/2023,07/05/2023,7,,TRUE,20/05/2023,21/05/2023,1,n,y,6,,1,6,1,,AET2281
,,2023,411,cashel,1,,0,,,bluti,27/04/2023,02/05/2023,6,,TRUE,15/05/2023,17/05/2023,2,n,y,5,,1,5,1,,APL4524
,,2023,412,cashel,1,,0,,,bluti,05/05/2023,13/05/2023,9,,TRUE,26/05/2023,,,n,n,0,,9,0,0,,
,,2023,413,cashel,1,,0,,,bluti,24/04/2023,02/05/2023,9,,TRUE,15/05/2023,16/05/2023,1,n,y,9,,0,9,1,,AET2158
,,2023,414,cashel,1,,0,,,greti,12/05/2023,18/05/2023,7,,TRUE,31/05/2023,31/05/2023,0,n,n,6,,1,4,1,,
,,2023,415,cashel,1,,1,malaria,,bluti,29/04/2023,03/05/2023,5,,TRUE,16/05/2023,18/05/2023,2,n,n,5,,0,5,1,,
,,2023,416,cashel,1,,0,,,bluti,25/04/2023,04/05/2023,8,,TRUE,17/05/2023,17/05/2023,0,n,y,7,,1,7,1,,
,,2023,417,cashel,1,,0,,,bluti,26/04/2023,03/05/2023,8,,TRUE,16/05/2023,17/05/2023,1,n,y,8,,0,7,1,,AET2159
,,2023,418,cashel,1,,0,,,greti,03/05/2023,09/05/2023,7,,TRUE,22/05/2023,24/05/2023,2,n,n,7,,0,6,1,,
,,2023,419,cashel,1,,0,,,bluti,23/04/2023,01/05/2023,9,,TRUE,14/05/2023,15/05/2023,1,n,y,9,,0,9,1,,AET2153
,,2023,420,cashel,1,,0,,,bluti,03/05/2023,10/05/2023,7,,TRUE,23/05/2023,21/05/2023,-2,n,y,6,,1,2,1,,AET1888
,,2023,421,cashel,0,,0,,,,,,,,,,,,,,,,,,,,
,,2023,422,cashel,0,,0,,,,,,,,,,,,,,,,,,,,
,,2023,425,cashel,1,,0,,,bluti,02/05/2023,08/05/2023,7,,TRUE,21/05/2023,21/05/2023,0,n,n,6,,0,6,1,,
,,2023,426,cashel,1,,0,,,bluti,30/04/2023,06/05/2023,7,,TRUE,19/05/2023,20/05/2023,1,n,n,7,,0,7,1,,
,,2023,427,cashel,1,,0,,,bluti,22/04/2023,30/04/2023,9,,TRUE,13/05/2023,14/05/2023,1,n,y,9,,0,9,1,,AET1207
,,2023,428,cashel,1,,0,,,greti,20/04/2023,23/04/2023,4,,TRUE,06/05/2023,13/05/2023,7,n,n,4,,0,4,1,,
,,2023,429,cashel,1,,0,,,bluti,25/04/2023,02/05/2023,8,,TRUE,15/05/2023,16/05/2023,1,n,y,8,,0,5,1,,AET2157
,,2023,430,cashel,1,,1,malaria,,bluti,27/04/2023,05/05/2023,9,,TRUE,18/05/2023,19/05/2023,1,n,n,8,,1,8,1,,
,,2023,434,cashel,1,,0,,,bluti,22/04/2023,29/04/2023,8,,TRUE,12/05/2023,14/05/2023,2,n,y,6,,2,6,1,,AET2154
,,2023,435,cashel,1,,0,,,greti,09/05/2023,14/05/2023,6,,TRUE,27/05/2023,26/05/2023,-1,n,n,6,,0,6,1,,
,,2023,436,cashel,1,,0,,,bluti,19/04/2023,28/04/2023,10,,TRUE,11/05/2023,14/05/2023,3,y,y,9,,1,9,1,AET1030,AET1047
,,2023,440,cashel,1,,0,,,bluti,16/04/2023,24/04/2023,9,,TRUE,07/05/2023,11/05/2023,4,n,y,8,,1,8,1,,AET1052
,,2023,441,cashel,1,,0,,,bluti,06/05/2023,11/05/2023,6,,TRUE,24/05/2023,23/05/2023,-1,n,n,6,,0,6,1,,
,,2023,443,cashel,1,,0,,,greti,26/04/2023,09/05/2023,8,,TRUE,22/05/2023,22/05/2023,0,n,n,7,,1,7,1,,
,,2023,444,cashel,1,,0,,,bluti,26/04/2023,02/05/2023,7,,TRUE,15/05/2023,17/05/2023,2,n,y,7,,0,7,1,,AET1040
,,2023,453a,cashel,1,,0,,,bluti,25/04/2023,04/05/2023,9,,TRUE,17/05/2023,17/05/2023,0,n,n,8,,1,0,0,,
,,2023,460b,cashel,1,,1,malaria,,bluti,25/04/2023,03/05/2023,9,,TRUE,16/05/2023,18/05/2023,2,n,y,8,,1,8,1,,AET2163
,,2023,481,balmaha,0,,0,,,,,,,,,,,,,,,,,,,,
,,2023,482,balmaha,1,,0,,,greti,06/05/2023,09/05/2023,4,,TRUE,22/05/2023,,,n,n,0,,4,0,0,,
,,2023,483,balmaha,1,,0,,,bluti,23/04/2023,30/04/2023,8,,TRUE,13/05/2023,14/05/2023,1,n,n,8,,0,3,1,,
,,2023,484,balmaha,1,,0,,,bluti,30/04/2023,05/05/2023,6,,TRUE,18/05/2023,19/05/2023,1,n,n,6,,0,3,1,,
,,2023,485,balmaha,0,,0,,,,,,,,,,,,,,,,,,,,
,,2023,486,balmaha,0,,0,,,,,,,,,,,,,,,,,,,,
,,2023,487,balmaha,1,,0,,,greti,02/05/2023,,1,,FALSE,,,,n,n,0,,1,0,0,,
,,2023,488,balmaha,1,,0,,,greti,19/04/2023,23/04/2023,5,,FALSE,,,,n,n,0,,5,0,0,,
,,2023,488,balmaha,1,1,0,,,greti,15/05/2023,16/05/2023,2,,TRUE,29/05/2023,30/05/2023,1,n,n,2,,0,2,1,,
,,2023,489,balmaha,1,,0,,,nutha,,,,,,,,,,,,,,,2,,
,,2023,490,balmaha,1,,0,,,greti,23/05/2023,26/05/2023,4,,TRUE,08/06/2023,08/06/2023,0,n,n,4,,0,4,2,,
,,2023,351,strathblane_village,1,,0,,,greti,20/04/2023,26/04/2023,7,,TRUE,09/05/2023,11/05/2023,2,n,n,7,,0,7,2,,
,,2023,352,strathblane_village,1,,0,,,bluti ,26/04/2023,07/05/2023,10,,TRUE,20/05/2023,19/05/2023,-1,n,y,8,,2,8,2,,BAC5339
,,2023,353,strathblane_village,1,,0,,,greti,26/04/2023,,1,,FALSE,,,,n,n,0,,1,0,0,,
,,2023,354,strathblane_village,1,,0,,,greti,03/05/2023,08/05/2023,6,,TRUE,21/05/2023,21/05/2023,0,n,n,4,,2,0,0,,
,,2023,355,strathblane_village,1,,1,stable isotope,,greti,18/04/2023,23/04/2023,6,,TRUE,06/05/2023,08/05/2023,2,n,y,5,,1,5,2,,PF89967
,,2023,356,strathblane_village,0,,0,,,,,,,,,,,,,,,,,,,,
,,2023,357,strathblane_village,1,,0,,,greti,02/05/2023,07/05/2023,6,,TRUE,20/05/2023,21/05/2023,1,n,n,5,,0,5,2,,
,,2023,358,strathblane_village,1,,0,,,greti,25/04/2023,29/04/2023,5,,TRUE,12/05/2023,,,n,n,0,,5,0,0,,
,,2023,350,strathblane_village,0,,0,,,,,,,,,,,,,,,,,,,,
,,2023,359,strathblane_village,0,,0,,,,,,,,,,,,,,,,,,,,
,,2023,340,strathblane_forest,0,,0,,,,,,,,,,,,,,,,,,,,
,,2023,341,strathblane_forest,1,,0,,,bluti,28/04/2023,05/05/2023,8,,TRUE,18/05/2023,19/05/2023,1,n,n,8,,0,8,2,,
,,2023,345,strathblane_forest,1,,0,,,nuthatch,,,,,,,,,,,,,,,,,
,,2023,346,strathblane_forest,1,,0,,,bluti ,30/05/2023,07/05/2023,8,,TRUE,20/05/2023,19/05/2023,-1,n,n,6,,2,0,0,,
,,2023,347,strathblane_forest,0,,0,,,,,,,,,,,,,,,,,,,,
,,2023,342,strathblane_forest,1,,0,,,bluti ,03/05/2023,11/05/2023,9,,TRUE,24/05/2023,24/05/2023,0,n,n,9,,0,0,0,,
,,2023,343,strathblane_forest,1,,0,,,greti,05/05/2023,09/05/2023,5,,TRUE,22/05/2023,22/05/2023,0,n,n,2,,3,0,0,,
,,2023,344,strathblane_forest,1,,0,,,greti,23/04/2023,26/04/2023,4,,TRUE,09/05/2023,11/05/2023,2,n,n,4,,0,4,2,,
,,2023,348,strathblane_forest,0,,0,,,,,,,,,,,,,,,,,,,,
,,2023,349,strathblane_forest,1,,0,,,greti,22/04/2023,26/04/2023,5,,TRUE,09/05/2023,09/05/2023,0,n,n,5,,0,5,2,,
,,2023,319,killearn_village,0,,0,,,,,,,,,,,,,,,,,,,,
,,2023,320,killearn_village,1,,0,,,greti,18/04/2023,25/04/2023,8,,TRUE,08/05/2023,07/05/2023,-1,n,n,8,,0,8,1,,
,,2023,321,killearn_village,1,,0,,,bluti,19/04/2023,30/04/2023,12,,TRUE,13/05/2023,14/05/2023,1,y,y,11,,1,11,1,BAC5213,BAC5212
,,2023,322,killearn_village,1,,0,,,nuthatch,,,,,,,,,,,,,,,1,,
,,2023,323,killearn_village,1,,0,,,greti,15/04/2023,23/04/2023,9,,TRUE,06/05/2023,,,,,,,,,,,
,,2023,324,killearn_village,1,,0,,,greti,26/04/2023,06/05/2023,11,,TRUE,19/05/2023,21/05/2023,2,y,y,10,,1,8,1,BAC5364,BAC5363
,,2023,325,killearn_village,0,,0,,,,,,,,,,,,,,,,,,,,
,,2023,326,killearn_village,1,,0,,,bluti,23/04/2023,28/04/2023,6,,TRUE,11/05/2023,14/05/2023,3,y,n,5,,1,4,1,BAC5443,
,,2023,328,killearn_village,0,,0,,,,,,,,,,,,,,,,,,,,
,,2023,329,killearn_village,1,,0,,,bluti ,19/04/2023,26/04/2023,8,,TRUE,09/05/2023,14/05/2023,5,n,n,6,,2,0,0,,
,,2023,304,killearn_forest,1,,0,,,bluti ,12/05/2023,18/05/2023,7,,TRUE,31/05/2023,28/05/2023,-3,y,n,7,,0,7,1,BAC5365,
,,2023,305,killearn_forest,1,,0,,,greti,02/05/2023,04/05/2023,3,,TRUE,17/05/2023,17/05/2023,0,n,n,3,,0,3,1,,
,,2023,306,killearn_forest,0,,0,,,,,,,,,,,,,,,,,,,,
,,2023,307,killearn_forest,0,,0,,,,,,,,,,,,,,,,,,,,
,,2023,309,killearn_forest,1,,0,,,greti,04/05/2023,07/05/2023,4,,TRUE,20/05/2023,,,n,n,0,,4,0,0,,
,,2023,311,killearn_forest,1,,0,,,bluti ,30/04/2023,03/05/2023,4,,TRUE,16/05/2023,17/05/2023,1,y,y,3,,1,2,1,BAC5211,BAC5210
,,2023,312,killearn_forest,0,,0,,,,,,,,,,,,,,,,,,,,
,,2023,302,killearn_forest,1,,0,,,greti,30/04/2023,03/05/2023,4,,TRUE,16/05/2023,16/05/2023,0,n,n,4,,0,4,1,,
,,2023,338,killearn_forest,1,,0,,,greti ,30/04/2023,04/05/2023,5,,TRUE,17/05/2023,20/05/2023,3,n,n,5,,0,5,1,,
,,2023,339,killearn_forest,1,,0,,,greti,03/05/2023,06/05/2023,4,,TRUE,19/05/2023,18/05/2023,-1,n,n,4,,0,4,1,,
,,2023,301,drymen_village,1,,0,,,greti,25/04/2023,28/04/2023,4,,TRUE,11/05/2023,14/05/2023,3,n,n,4,,0,4,1,,
,,2023,303,drymen_village,0,,0,,,,,,,,,,,,,,,,,,,,
,,2023,308,drymen_village,1,,0,,,greti,26/04/2023,02/05/2023,7,,TRUE,15/05/2023,20/05/2023,5,n,n,7,,0,3,1,,
,,2023,310,drymen_village,1,,0,,,bluti ,24/04/2023,04/05/2023,10,,TRUE,17/05/2023,18/05/2023,1,n,n,9,,1,8,1,,
,,2023,313,drymen_village,1,,0,,,bluti ,30/04/2023,07/05/2023,8,,TRUE,20/05/2023,19/05/2023,-1,n,n,8,,0,5,1,,
,,2023,314,drymen_village,1,,0,,,greti,30/04/2023,03/05/2023,4,,TRUE,16/05/2023,15/05/2023,-1,n,n,3,,1,3,1,,
,,2023,315,drymen_village,1,,0,,,greti,29/04/2023,05/05/2023,7,,TRUE,18/05/2023,17/05/2023,-1,n,n,7,,0,7,1,,
,,2023,318,drymen_village,0,,0,,,,,,,,,,,,,,,,,,,,
,,2023,372,drymen_village,0,,0,,,,,,,,,,,,,,,,,,,,
,,2023,374,drymen_village,1,,0,,,greti,29/04/2023,03/05/2023,5,,TRUE,16/05/2023,17/05/2023,1,n,n,5,,0,1,1,,
,,2023,331,drymen_forest,0,,0,,,,,,,,,,,,,,,,,,,,
,,2023,332,drymen_forest,1,,0,,,greti,03/05/2023,,1,,FALSE,,,,n,n,0,,1,0,0,,
,,2023,333,drymen_forest,0,,0,,,,,,,,,,,,,,,,,,,,
,,2023,334,drymen_forest,1,,0,,,greti,03/05/2023,07/05/2023,5,,TRUE,20/05/2023,23/05/2023,3,n,n,5,,0,4,1,,
,,2023,335,drymen_forest,1,,0,,,greti,30/04/2023,05/05/2023,6,,TRUE,18/05/2023,20/05/2023,2,n,n,5,,1,3,1,,
,,2023,336,drymen_forest,1,,0,,,greti,03/05/2023,07/05/2023,5,,TRUE,20/05/2023,22/05/2023,2,n,n,5,,0,5,1,,
,,2023,317,drymen_forest,1,,0,,,greti,28/04/2023,03/05/2023,6,,TRUE,16/05/2023,19/05/2023,3,n,n,6,,0,6,1,,
,,2023,327,drymen_forest,1,,0,,,greti,24/04/2023,27/04/2023,4,,TRUE,10/05/2023,13/05/2023,3,n,n,4,,0,4,1,,
,,2023,382,drymen_forest,1,,0,,,greti,05/05/2023,11/05/2023,7,,TRUE,24/05/2023,23/05/2023,-1,n,n,6,,0,6,1,,
,,2023,384,drymen_forest,1,,0,,,greti,16/05/2023,19/05/2023,4,,TRUE,01/06/2023,01/06/2023,0,n,y,2,,2,2,1,,PT43564
,,2023,801,kilmardiny_loch,1,,0,,,greti ,20/04/2023,27/04/2023,8,,TRUE,10/05/2023,09/05/2023,-1,n,n,8,,0,8,2,,
,,2023,820,kilmardiny_loch,0,,0,,,,,,,,,,,,,,,,,,,,
,,2023,823,kilmardiny_loch,0,,0,,,,,,,,,,,,,,,,,,,,
,,2023,824,kilmardiny_loch,1,,0,,,bluti,01/05/2023,08/05/2023,8,,TRUE,21/05/2023,21/05/2023,0,n,n,1,,7,0,0,,
,,2023,827,kilmardiny_loch,1,,0,,,bluti,07/05/2023,10/05/2023,4,,TRUE,23/05/2023,25/05/2023,2,n,y,4,,0,3,2,,BAC5319
,,2023,884,kilmardiny_loch,1,,0,,,bluti,27/04/2023,08/05/2023,10,,TRUE,21/05/2023,21/05/2023,0,n,n,7,,3,7,2,,
,,2023,885,kilmardiny_loch,1,,0,,,greti,26/04/2023,28/04/2023,3,,TRUE,11/05/2023,18/05/2023,7,n,y,2,,1,2,2,,
,,2023,886,kilmardiny_loch,1,,0,,,bluti,19/04/2023,26/04/2023,8,,TRUE,09/05/2023,10/05/2023,1,y,y,8,,0,8,2,BAC5209,BAC5208
,,2023,890,kilmardiny_loch,1,,0,,,greti ,13/04/2023,19/04/2023,7,,TRUE,02/05/2023,05/05/2023,3,n,n,6,,1,3,2,,
,,2023,893,kilmardiny_loch,1,,0,,,bluti,19/04/2023,25/04/2023,7,,TRUE,08/05/2023,08/05/2023,0,y,y,7,,0,7,2,AET2421,AET2420
,,2023,882,tannoch_burn,0,,0,,,,,,,,,,,,,,,,,,,,
,,2023,821,tannoch_burn,1,,0,,,bluti,25/04/2023,09/05/2023,11,,TRUE,22/05/2023,25/05/2023,3,y,y,10,,1,8,2,BAC5362,BAC5361
,,2023,896,tannoch_burn,1,,0,,,bluti,17/04/2023,24/04/2023,8,,TRUE,07/05/2023,08/05/2023,1,y,y,8,,0,8,2,AET1303,APP0350
,,2023,887,tannoch_burn,1,,0,,,greti,15/04/2023,20/04/2023,6,,TRUE,03/05/2023,01/05/2023,6,n,n,6,,0,6,2,,
,,2023,895,tannoch_burn,1,,0,,,greti,26/04/2023,28/04/2023,3,,TRUE,11/05/2023,10/05/2023,-1,n,n,3,,0,3,2,,
,,2023,891,tannoch_burn,1,,0,,,greti ,13/04/2023,18/04/2023,6,,TRUE,01/05/2023,29/04/2023,-2,n,n,6,,0,5,2,,
,,2023,899,tannoch_burn,0,,0,,,,,,,,,,,,,,,,,,,,
,,2023,898,tannoch_burn,1,,0,,,greti ,17/04/2023,24/04/2023,8,,TRUE,07/05/2023,08/05/2023,1,n,n,4,,0,4,2,,
,,2023,897,tannoch_burn,1,,0,,,greti,27/04/2023,29/04/2023,3,,TRUE,12/05/2023,12/05/2023,0,n,n,3,,0,3,2,,
,,2023,894,tannoch_burn,1,,0,,,bluti,24/04/2023,03/05/2023,10,,TRUE,16/05/2023,19/05/2023,3,y,y,7,,3,4,2,BAC5318,BAC5313
,,2023,819,mugdock,1,,0,,,bluti,02/05/2023,07/05/2023,6,,TRUE,20/05/2023,20/05/2023,0,n,y,5,,1,5,2,,APP0364
,,2023,812,mugdock,1,,0,,,bluti,28/04/2023,06/05/2023,9,,TRUE,19/05/2023,19/05/2023,0,n,n,8,,1,0,0,,
,,2023,813,mugdock,1,,0,,,greti,11/05/2023,14/05/2023,4,,TRUE,27/05/2023,,,n,n,,,,,2,,
,,2023,815,mugdock,0,,0,,,,,,,,,,,,,,,,,,,,
,,2023,816,mugdock,1,,0,,,greti ,22/04/2023,29/04/2023,8,,TRUE,12/05/2023,12/05/2023,0,n,n,8,,0,8,2,,
,,2023,818,mugdock,1,,0,,,greti ,23/04/2023,30/04/2023,8,,TRUE,13/05/2023,16/05/2023,3,n,n,7,,1,3,2,,
,,2023,826,mugdock,1,,0,,,greti ,24/04/2023,30/04/2023,7,,TRUE,13/05/2023,12/05/2023,-1,n,n,7,,0,6,2,,
,,2023,828,mugdock,1,,0,,,nutha,,,,,,,,,,,,,,,2,,
,,2023,832,mugdock,0,,0,,,,,,,,,,,,,,,,,,,,
,,2023,837,mugdock,1,,0,,,bluti,29/04/2023,06/05/2023,8,,TRUE,19/05/2023,19/05/2023,0,y,y,8,,0,8,2,BAC5303,BAC5304
,,2023,880,hillfoot,1,,0,,,bluti,22/04/2023,28/04/2023,7,,TRUE,11/05/2023,12/05/2023,1,y,y,7,,0,7,2,BAC5214,BAC5215
,,2023,860,hillfoot,1,,0,,,greti ,16/04/2023,21/04/2023,6,,TRUE,04/05/2023,05/05/2023,1,n,n,6,,0,6,2,,
,,2023,850,hillfoot,0,,0,,,,,,,,,,,,,,,,,,,,
,,2023,840,hillfoot,0,,0,,,,,,,,,,,,,,,,,,,,
,,2023,829,hillfoot,1,,0,,,bluti,24/04/2023,03/05/2023,10,,TRUE,16/05/2023,14/05/2023,-2,y,y,10,,0,9,2,BAC5216,AET2337
,,2023,871,hillfoot,1,,0,,,greti ,11/04/2023,20/04/2023,7,,TRUE,03/05/2023,02/05/2023,-1,n,n,7,,0,5,2,,
,,2023,888,hillfoot,1,,0,,,bluti,24/04/2023,04/05/2023,11,,TRUE,17/05/2023,19/05/2023,2,y,n,11,,0,11,2,BAC5320,
,,2023,861,hillfoot,0,,0,,,,,,,,,,,,,,,,,,,,
,,2023,889,hillfoot,1,,0,,,greti,24/04/2023,29/04/2023,6,,TRUE,12/05/2023,10/05/2023,-2,n,n,6,,0,6,2,,
,,2023,883,hillfoot,1,,0,,,bluti,02/05/2023,08/05/2023,7,,TRUE,21/05/2023,20/05/2023,-1,n,y,7,,0,4,2,,AET2414
,,2023,701,garscube,1,,0,,,bluti,02/05/2023,08/05/2023,7,,TRUE,21/05/2023,20/05/2023,-1,y,y,7,,0,7,1,BAC5321,AET1405
,,2023,702,garscube,1,,0,,,greti,24/04/2023,27/04/2023,4,,TRUE,10/05/2023,13/05/2023,3,n,n,3,,1,3,1,,
,,2023,703,garscube,1,,0,,,greti,24/04/2023,02/05/2023,8,,TRUE,15/05/2023,15/05/2023,0,n,n,4,,4,0,0,,
,,2023,704,garscube,1,,0,,,greti,23/04/2023,27/04/2023,5,,TRUE,10/05/2023,13/05/2023,3,n,n,5,,0,2,1,,
,,2023,705,garscube,0,,0,,,,,,,,,,,,,,,,,,,,
,,2023,706,garscube,1,,0,,,bluti,09/05/2023,,1,,FALSE,,,,n,n,0,,1,0,0,,
,,2023,707b,garscube,0,,0,,,,,,,,,,,,,,,,,,,,
,,2023,708,garscube,1,,0,,,greti,26/04/2023,04/05/2023,9,,TRUE,17/05/2023,16/05/2023,-1,n,n,8,,1,8,1,,
,,2023,710,garscube,0,,0,,,,,,,,,,,,,,,,,,,,
,,2023,711a,garscube,1,,0,,,greti,27/04/2023,02/05/2023,6,,TRUE,15/05/2023,16/05/2023,1,n,n,6,,0,6,1,,
,,2023,716,garscube,1,,0,,,bluti,21/04/2023,02/05/2023,10,,TRUE,15/05/2023,14/05/2023,-1,n,y,8,,2,6,1,,APP0241
,,2023,717a,garscube,1,,0,,,bluti,04/05/2023,12/05/2023,9,,TRUE,25/05/2023,24/05/2023,-1,y,y,9,,0,9,1,BAC5349,ACJ3397
,,2023,719,garscube,0,,0,,,,,,,,,,,,,,,,,,,,
,,2023,720b,garscube,1,,0,,,greti,28/04/2023,02/05/2023,5,,TRUE,15/05/2023,11/05/2023,-4,n,n,5,,0,3,1,,
,,2023,721b,garscube,1,,0,,,bluti,26/04/2023,05/05/2023,10,,TRUE,18/05/2023,21/05/2023,3,n,y,10,,0,10,1,,AET2329
,,2023,722,garscube,1,,0,,,greti,01/05/2023,02/05/2023,2,,TRUE,15/05/2023,19/05/2023,4,n,n,1,,1,1,1,,
,,2023,723,garscube,1,,0,,,bluti,29/04/2023,07/05/2023,9,,TRUE,20/05/2023,21/05/2023,1,y,y,9,,0,8,1,AET1319,AET1460
,,2023,724,garscube,1,,0,,,greti,29/04/2023,04/05/2023,6,,TRUE,17/05/2023,21/05/2023,4,n,n,4,,2,4,1,,
,,2023,725,garscube,1,,0,,,greti,04/05/2023,09/05/2023,6,,TRUE,22/05/2023,21/05/2023,-1,n,n,6,,0,0,0,,
,,2023,726,garscube,1,,0,,,greti,29/04/2023,02/05/2023,4,,TRUE,15/05/2023,16/05/2023,1,n,n,4,,0,4,1,,
,,2023,727b,garscube,0,,0,,,,,,,,,,,,,,,,,,,,
,,2023,728,garscube,1,,0,,,greti,26/04/2023,02/05/2023,7,,TRUE,15/05/2023,14/05/2023,-1,n,n,6,,1,4,1,,
,,2023,729,garscube,1,,0,,,greti,21/04/2023,27/04/2023,7,,TRUE,10/05/2023,10/05/2023,0,n,n,7,,0,4,1,,
,,2023,730,garscube,0,,0,,,,,,,,,,,,,,,,,,,,
,,2023,731,garscube,1,,0,,,greti,21/04/2023,27/04/2023,7,,TRUE,10/05/2023,10/05/2023,0,n,n,6,,1,6,1,,
,,2023,732,garscube,0,,0,,,,,,,,,,,,,,,,,,,,
,,2023,733,garscube,1,,0,,,bluti,30/04/2023,08/05/2023,9,,TRUE,21/05/2023,19/05/2023,-2,y,y,8,,1,8,1,ACJ2385,AET2318
,,2023,734,garscube,0,,0,,,,,,,,,,,,,,,,,,,,
,,2023,735,garscube,1,,0,,,greti,21/04/2023,26/04/2023,6,,TRUE,09/05/2023,08/05/2023,-1,n,n,4,,2,3,1,,
,,2023,736,garscube,0,,0,,,,,,,,,,,,,,,,,,,,
,,2023,737a,garscube,1,,0,,,greti,26/04/2023,05/05/2023,10,,TRUE,18/05/2023,18/05/2023,0,y,y,9,,1,9,1,APP2411,ACJ2579
,,2023,738,garscube,1,,0,,,greti,21/04/2023,26/04/2023,6,,TRUE,09/05/2023,,,n,n,0,,6,0,0,,
,,2023,739,garscube,1,,0,,,greti,30/04/2023,03/05/2023,4,,TRUE,16/05/2023,,,n,n,0,,4,0,0,,
,,2023,740,garscube,1,,0,,,greti,06/05/2023,09/05/2023,4,,TRUE,22/05/2023,22/05/2023,0,n,n,4,,0,4,1,,
,,2023,741,dawsholm,0,,0,,,,,,,,,,,,,,,,,,,,
,,2023,742,dawsholm,1,,0,,,greti,06/05/2023,09/05/2023,4,,TRUE,22/05/2023,22/05/2023,0,n,n,4,,0,3,1,,
,,2023,743,dawsholm,1,,0,,,bluti,24/04/2023,03/05/2023,10,,TRUE,16/05/2023,18/05/2023,2,y,y,9,,1,9,1,BAC5256,APP1312
,,2023,744,dawsholm,1,,0,,,bluti,29/04/2023,07/05/2023,9,,TRUE,20/05/2023,20/05/2023,0,n,n,6,,3,6,1,,
,,2023,745,dawsholm,1,,0,,,greti,28/04/2023,02/05/2023,5,,TRUE,15/05/2023,17/05/2023,2,n,n,4,,1,4,1,,
,,2023,746,dawsholm,1,,0,,,bluti,22/04/2023,03/05/2023,12,,TRUE,16/05/2023,16/05/2023,0,n,y,12,,0,11,1,,AET1461
,,2023,747,dawsholm,1,,0,,,greti,21/04/2023,25/04/2023,5,,TRUE,08/05/2023,06/05/2023,-2,n,n,5,,0,5,1,,
,,2023,748,dawsholm,1,,0,,,greti,13/04/2023,18/04/2023,6,,TRUE,01/05/2023,01/05/2023,0,n,n,4,,2,1,1,,
,,2023,749,dawsholm,1,,0,,,greti,11/04/2023,18/04/2023,7,,TRUE,01/05/2023,02/05/2023,1,n,n,7,,0,6,1,,
,,2023,750,dawsholm,1,,0,,,bluti,29/04/2023,04/05/2023,6,,TRUE,17/05/2023,18/05/2023,1,y,y,5,,2,5,1,BAC5255,BAC5254
,,2023,501,kelvingrove_park,1,,0,,,bluti,06/05/2023,14/05/2023,9,,TRUE,27/05/2023,26/05/2023,-1,n,n,5,,4,5,1,,
,,2023,502,kelvingrove_park,0,,0,,,,,,,,,,,,,,,,,,,,
,,2023,503,kelvingrove_park,0,,0,,,,,,,,,,,,,,,,,,,,
,,2023,504,kelvingrove_park,1,,0,,,greti,13/04/2023,16/04/2023,4,,TRUE,29/04/2023,02/05/2023,3,n,n,4,,0,4,2,,
,,2023,505,kelvingrove_park,1,,1,probiotic,,bluti,25/04/2023,02/05/2023,8,,TRUE,15/05/2023,17/05/2023,2,n,y,8,,0,6,1,,APP0169
,,2023,506,kelvingrove_park,1,,0,,,greti,11/04/2023,18/04/2023,8,,TRUE,01/05/2023,02/05/2023,1,n,y,7,,1,1,2,,PF89852
,,2023,507,kelvingrove_park,1,,0,,,bluti,03/05/2023,10/05/2023,8,,TRUE,23/05/2023,22/05/2023,-1,n,n,1,,7,0,0,,
,,2023,509,kelvingrove_park,0,,0,,,,,,,,,,,,,,,,,,,,
,,2023,510,kelvingrove_park,1,,0,,,bluti,26/04/2023,03/05/2023,8,,TRUE,16/05/2023,17/05/2023,1,n,n,7,,1,7,1,,
,,2023,511,kelvingrove_park,0,,0,,,,,,,,,,,,,,,,,,,,
,,2023,512,kelvingrove_park,1,,0,,,greti,23/04/2023,29/04/2023,7,,TRUE,12/05/2023,,,n,n,0,,7,0,0,,
,,2023,513,kelvingrove_park,1,,0,,,greti,18/05/2023,24/05/2023,7,,TRUE,06/06/2023,07/06/2023,1,n,n,5,,2,,2,,
,,2023,514,kelvingrove_park,1,,1,probiotic,,bluti,21/04/2023,29/04/2023,9,,TRUE,12/05/2023,14/05/2023,2,y,y,8,,1,8,1,APP0220,AET2522
,,2023,515,kelvingrove_park,1,,1,probiotic,,bluti,01/05/2023,08/05/2023,8,,TRUE,21/05/2023,21/05/2023,0,n,n,8,,0,0,0,,
,,2023,516,kelvingrove_park,1,,0,,,bluti,26/05/2023,,1,,FALSE,,,,,,0,,1,0,0,,
,,2023,517,kelvingrove_park,1,,0,,,bluti,26/04/2023,29/04/2023,9,,TRUE,12/05/2023,16/05/2023,4,n,n,9,,0,9,1,,
,,2023,518,kelvingrove_park,0,,0,,,,,,,,,,,,,,,,,,,,
,,2023,519,kelvingrove_park,1,,0,,,bluti,21/04/2023,30/04/2023,10,,TRUE,13/05/2023,13/05/2023,0,n,n,3,,7,0,0,,
,,2023,520,kelvingrove_park,1,,0,,,greti,11/04/2023,17/04/2023,7,,TRUE,30/04/2023,30/04/2023,0,n,n,7,,0,7,2,,
,,2023,521,kelvingrove_park,1,,0,,,greti,14/04/2023,18/04/2023,5,,TRUE,01/05/2023,03/05/2023,2,y,n,5,,0,5,2,TY62743,
,,2023,522,kelvingrove_park,0,,0,,,,,,,,,,,,,,,,,,,,
,,2023,523,kelvingrove_park,1,,0,,,greti,20/04/2023,21/04/2023,2,,FALSE,04/05/2023,,,,,0,,2,0,0,,
,,2023,524,kelvingrove_park,1,,0,,,bluti,02/05/2023,08/05/2023,7,,TRUE,21/05/2023,22/05/2023,1,n,y,6,,1,6,1,,
,,2023,525,kelvingrove_park,1,,1,probiotic,,bluti,14/04/2023,21/04/2023,8,,TRUE,04/05/2023,05/05/2023,1,y,n,5,,3,5,1,AET2586,
,,2023,526,kelvingrove_park,1,,0,,,bluti,23/04/2023,29/04/2023,7,,TRUE,12/05/2023,,,n,n,0,,7,0,0,,
,,2023,527,kelvingrove_park,1,,0,,,bluti,01/05/2023,08/05/2023,8,,TRUE,21/05/2023,21/05/2023,0,n,y,8,,0,3,1,,BAC5801
,,2023,528,kelvingrove_park,0,,0,,,,,,,,,,,,,,,,,,,,
,,2023,529,kelvingrove_park,1,,0,,,bluti,26/04/2023,04/05/2023,9,,TRUE,17/05/2023,16/05/2023,-1,n,n,7,,1,7,1,,
,,2023,530,kelvingrove_park,1,,0,,,greti,22/04/2023,27/04/2023,6,,TRUE,10/05/2023,12/05/2023,2,n,n,1,,5,1,2,,
,,2023,532,kelvingrove_park,1,,0,,,greti,25/04/2023,29/04/2023,5,,TRUE,12/05/2023,13/05/2023,1,n,n,5,,0,5,2,,
,,2023,533,kelvingrove_park,1,,0,,,bluti,24/04/2023,03/05/2023,10,,TRUE,16/05/2023,16/05/2023,0,y,n,8,,2,8,1,AFE1866,
,,2023,534,kelvingrove_park,1,,1,probiotic,,bluti,23/04/2023,29/04/2023,7,,TRUE,12/05/2023,14/05/2023,2,n,y,6,,1,6,1,,Z445387
,,2023,535,kelvingrove_park,1,,0,,,bluti,22/04/2023,29/04/2023,8,,TRUE,12/05/2023,,,n,n,0,,8,0,0,,
,,2023,538,kelvingrove_park,1,,0,,,greti,17/05/2023,18/05/2023,2,,FALSE,31/05/2023,,,n,n,0,,2,0,0,,
,,2023,539,kelvingrove_park,0,,0,,,,,,,,,,,,,,,,,,,,
,,2023,540,kelvingrove_park,1,,0,,,greti,20/04/2023,25/04/2023,6,,TRUE,08/05/2023,,,n,n,0,,6,0,0,,
,,2023,541,kelvingrove_park,1,,1,stable_isotope,,bluti,24/04/2023,27/04/2023,4,,TRUE,10/05/2023,14/05/2023,4,y,y,2,,2,2,1,AFE1872,AFE1871
,,2023,542,kelvingrove_park,1,,0,,,greti,27/04/2023,04/05/2023,8,,TRUE,17/05/2023,19/05/2023,2,n,n,8,,0,7,2,,
,,2023,543,kelvingrove_park,1,,0,,,greti,19/05/2023,25/05/2023,7,,TRUE,07/06/2023,07/06/2023,0,n,n,5,,2,,2,,
,,2023,544,kelvingrove_park,1,,0,,,greti,07/04/2023,14/04/2023,8,,TRUE,27/04/2023,28/04/2023,1,n,y,8,,0,7,2,,PF28235
,,2023,545,kelvingrove_park,1,,1,probiotic,,bluti,18/04/2023,26/04/2023,9,,TRUE,09/05/2023,10/05/2023,1,n,y,8,,1,8,1,,AET2592
,,2023,546,kelvingrove_park,1,,0,,,greti,21/04/2023,27/04/2023,7,,TRUE,10/05/2023,13/05/2023,3,n,n,7,,0,6,2,,
,,2023,547,kelvingrove_park,1,,0,,,greti,21/04/2023,29/04/2023,9,,TRUE,12/05/2023,13/05/2023,1,y,y,9,,0,9,2,NZ15431,TY62315
,,2023,548,kelvingrove_park,1,,0,,,bluti,13/04/2023,22/04/2023,9,,TRUE,05/05/2023,09/05/2023,4,n,n,9,,0,0,0,,
,,2023,549,kelvingrove_park,0,,0,,,,,,,,,,,,,,,,,,,,
,,2023,550,kelvingrove_park,1,,1,stable_isotope,,bluti,23/04/2023,30/04/2023,8,,TRUE,13/05/2023,12/05/2023,-1,n,y,7,,1,7,1,,unringed_550
,,2023,551,kelvingrove_park,1,,0,,,bluti,28/04/2023,03/05/2023,6,,TRUE,16/05/2023,20/05/2023,4,n,y,5,,1,5,1,,AET2549
,,2023,552,kelvingrove_park,1,,0,,,bluti,23/04/2023,28/04/2023,3,,TRUE,11/05/2023,14/05/2023,3,y,y,2,,1,1,2,Z443559,APP0673
,,2023,553,kelvingrove_park,1,,1,probiotic,,bluti,19/04/2023,27/04/2023,9,,TRUE,10/05/2023,10/05/2023,0,y,y,9,,0,8,2,APP0201,AET1489
,,2023,554,kelvingrove_park,0,,0,,,,,,,,,,,,,,,,,,,,
,,2023,555,kelvingrove_park,1,,0,,,greti,13/04/2023,20/04/2023,8,,TRUE,03/05/2023,04/05/2023,1,y,y,5,,3,5,2,PF89865,PF89866
,,2023,556,kelvingrove_park,1,,0,,,bluti,03/05/2023,09/05/2023,7,,TRUE,22/05/2023,21/05/2023,-1,n,n,6,,1,6,2,,
,,2023,557,kelvingrove_park,1,,1,probiotic,,bluti,25/04/2023,01/05/2023,7,,TRUE,14/05/2023,14/05/2023,0,y,y,7,,0,7,1,AKP8702,BAC5402
,,2023,558,kelvingrove_park,0,,0,,,,,,,,,,,,,,,,,,,,
,,2023,560,kelvingrove_park,0,,0,,,,,,,,,,,,,,,,,,,,
,,2023,570,kelvingrove_park,1,,0,,,bluti,21/04/2023,02/05/2023,12,,TRUE,15/05/2023,14/05/2023,-1,n,n,11,,1,0,0,,
,,2023,571,kelvingrove_park,0,,0,,,,,,,,,,,,,,,,,,,,
,,2023,572,kelvingrove_park,0,,0,,,,,,,,,,,,,,,,,,,,
,,2023,573,kelvingrove_park,1,,1,probiotic,,bluti,21/04/2023,30/04/2023,10,,TRUE,13/05/2023,13/05/2023,0,y,y,9,,1,9,2,AET2541,BAC5401
,,2023,574,kelvingrove_park,1,,0,,,bluti,21/04/2023,01/05/2023,12,,TRUE,14/05/2023,,,n,n,0,,12,0,0,,
,,2023,575,kelvingrove_park,1,,0,,,bluti,04/05/2023,10/05/2023,7,,TRUE,23/05/2023,23/05/2023,0,n,y,6,,1,6,2,,AET2926
,,2023,576,kelvingrove_park,1,,0,,,bluti,30/04/2023,08/05/2023,9,,TRUE,21/05/2023,,,n,n,0,,9,0,0,,
,,2023,577,kelvingrove_park,1,,0,,,bluti,07/05/2023,14/05/2023,8,,TRUE,27/05/2023,26/05/2023,-1,n,y,7,,1,6,1,,APP0126
,,2023,578,kelvingrove_park,0,,0,,,,,,,,,,,,,,,,,,,,
,,2023,579,kelvingrove_park,0,,0,,,,,,,,,,,,,,,,,,,,
,,2023,580,kelvingrove_park,1,,0,,,bluti,26/04/2023,05/05/2023,10,,TRUE,18/05/2023,17/05/2023,-1,n,y,8,,2,8,2,,APP0700
,,2023,626,old_station_park,0,,0,,,,,,,,,,,,,,,,,,,,
,,2023,627,old_station_park,0,,0,,,,,,,,,,,,,,,,,,,,
,,2023,628,old_station_park,1,,0,,,bluti,22/04/2023,30/04/2023,8,,TRUE,13/05/2023,16/05/2023,3,n,n,7,,1,5,1,,
,,2023,670,old_station_park,1,,0,,,greti,17/04/2023,23/04/2023,7,,TRUE,06/05/2023,08/05/2023,2,n,n,7,,0,,2,,
,,2023,630,old_station_park,0,,0,,,,,,,,,,,,,,,,,,,,
,,2023,631,old_station_park,0,,0,,,,,,,,,,,,,,,,,,,,
,,2023,632,old_station_park,1,,0,,,greti,04/04/2023,,4,,FALSE,,,,n,n,0,,4,0,0,,
,,2023,633,old_station_park,1,,0,,,bluti,07/05/2023,14/05/2023,8,,TRUE,27/05/2023,26/05/2023,-1,n,y,5,,3,0,0,,BAC5377
,,2023,634,old_station_park,0,,0,,,,,,,,,,,,,,,,,,,,
,,2023,635,old_station_park,1,,0,,,greti,24/04/2023,30/04/2023,7,,TRUE,13/05/2023,18/05/2023,5,y,y,6,,1,4,1,,
,,2023,606,st_mungo_avenue,1,,0,,,bluti,14/04/2023,23/04/2023,10,,TRUE,06/05/2023,05/05/2023,-1,y,y,8,,2,8,1,APP0215,AFE3001
,,2023,607,st_mungo_avenue,0,,0,,,,,,,,,,,,,,,,,,,,
,,2023,608,st_mungo_avenue,0,,0,,,,,,,,,,,,,,,,,,,,
,,2023,609,st_mungo_avenue,0,,0,,,,,,,,,,,,,,,,,,,,
,,2023,610,st_mungo_avenue,1,,0,,,greti,26/04/2023,30/04/2023,5,,TRUE,13/05/2023,14/05/2023,1,n,n,5,,0,5,1,,
,,2023,611,st_mungo_avenue,1,,0,,,greti,02/05/2023,08/05/2023,7,,TRUE,21/05/2023,22/05/2023,1,n,n,6,,1,6,1,,
,,2023,612,st_mungo_avenue,0,,0,,,,,,,,,,,,,,,,,,,,
,,2023,613,st_mungo_avenue,0,,0,,,,,,,,,,,,,,,,,,,,
,,2023,614,st_mungo_avenue,1,,0,,,bluti,16/04/2023,24/04/2023,9,,TRUE,07/05/2023,12/05/2023,5,n,y,8,,1,5,1,,AET2988
,,2023,620,st_mungo_avenue,0,,0,,,,,,,,,,,,,,,,,,,,
,,2023,641,GCU,0,,0,,,,,,,,,,,,,,,,,,,,
,,2023,642,GCU,0,,0,,,,,,,,,,,,,,,,,,,,
,,2023,643,GCU,0,,0,,,,,,,,,,,,,,,,,,,,
,,2023,644,GCU,0,,0,,,,,,,,,,,,,,,,,,,,
,,2023,645,GCU,1,,0,,,bluti,21/04/2023,28/04/2023,8,,TRUE,11/05/2023,12/05/2023,1,n,y,7,,1,2,1,,AET2994
,,2023,646,GCU,0,,0,,,,,,,,,,,,,,,,,,,,
,,2023,647,GCU,1,,0,,,bluti,16/04/2023,24/04/2023,9,,TRUE,07/05/2023,12/05/2023,5,n,n,9,,0,0,0,,
,,2023,648,GCU,1,,0,,,greti,21/04/2023,27/04/2023,7,,TRUE,10/05/2023,10/05/2023,0,n,n,6,,1,2,1,,
,,2023,649,GCU,0,,0,,,,,,,,,,,,,,,,,,,,
,,2023,650,GCU,0,,0,,,,,,,,,,,,,,,,,,,,
,,2023,651,GCU,0,,0,,,,,,,,,,,,,,,,,,,,
,,2023,NA (652),GCU,1,,0,,,bluti,27/04/2023,04/05/2023,8,,TRUE,17/05/2023,12/05/2023,-5,n,n,6,,2,6,1,,
,,2023,653,GCU,1,,0,,,bluti,17/04/2023,24/04/2023,8,,TRUE,07/05/2023,08/05/2023,1,n,y,7,,1,5,1,,APP1239
,,2023,654,GCU,0,,0,,,,,,,,,,,,,,,,,,,,
,,2023,655,GCU,0,,0,,,,,,,,,,,,,,,,,,,,
,,2023,656,GCU,0,,0,,,,,,,,,,,,,,,,,,,,
,,2023,657,GCU,0,,0,,,,,,,,,,,,,,,,,,,,
,,2023,658,GCU,0,,0,,,,,,,,,,,,,,,,,,,,
,,2023,659,GCU,1,,0,,,bluti,27/04/2023,07/05/2023,11,,TRUE,20/05/2023,20/05/2023,0,n,y,10,,1,10,1,,
,,2023,660,GCU,0,,0,,,,,,,,,,,,,,,,,,,,
,,2023,661,GCU,0,,0,,,,,,,,,,,,,,,,,,,,
,,2023,662,GCU,0,,0,,,,,,,,,,,,,,,,,,,,
,,2023,663,GCU,0,,0,,,,,,,,,,,,,,,,,,,,
